City,Lat,Lng,Max Temp,Humidity,Cloudiness,Wind Speed,Country,Date
Pevek,69.7008,170.3133,-2.72,97,100,12.93,RU,1615732397
Saskylakh,71.9167,114.0833,-28.86,86,74,4.45,RU,1615732397
Isla Vista,34.4133,-119.861,50.0,87,90,5.75,US,1615732398
Saint-François,46.4154,3.9054,50.0,53,75,17.27,FR,1615732398
Hilo,19.7297,-155.09,69.8,83,90,4.61,US,1615732160
Kariba,-16.5167,28.8,78.87,69,50,3.0,ZW,1615732398
Usinsk,65.9939,57.5281,23.13,95,100,15.99,RU,1615732399
Klaksvík,62.2266,-6.589,41.0,87,75,16.11,FO,1615732311
Lebu,-37.6167,-73.65,64.36,65,0,6.82,CL,1615732385
Fortuna,40.5982,-124.1573,50.0,74,100,1.99,US,1615732399
Saint Paul Harbor,57.79,-152.4072,26.6,86,90,3.44,US,1615732399
Port Alfred,-33.5906,26.891,73.0,85,21,3.0,ZA,1615732400
Tiksi,71.6872,128.8694,3.06,82,95,9.78,RU,1615732400
Meadow Lake,34.8014,-106.5436,37.0,51,75,14.97,US,1615732400
Mabaruma,8.2,-59.7833,79.59,90,97,3.27,GY,1615732401
Bambous Virieux,-20.3428,57.7575,78.01,100,75,9.26,MU,1615732401
Hong Kong,22.2855,114.1577,71.01,81,62,14.54,HK,1615732401
Rikitea,-23.1203,-134.9692,79.61,77,96,12.17,PF,1615732381
Yellowknife,62.456,-114.3525,5.0,78,90,9.22,CA,1615732315
Busselton,-33.65,115.3333,63.0,76,22,13.47,AU,1615732402
Cape Town,-33.9258,18.4232,68.0,83,75,16.11,ZA,1615732402
Jamestown,42.097,-79.2353,42.01,52,1,20.47,US,1615732308
Rocha,-34.4833,-54.3333,74.84,54,0,7.61,UY,1615732224
Torbay,47.6666,-52.7314,30.99,74,75,25.32,CA,1615732403
Qaanaaq,77.484,-69.3632,-1.05,68,100,5.53,GL,1615732403
Sola,-13.8833,167.55,80.64,72,94,4.68,VU,1615732343
Trincomalee,8.5711,81.2335,81.5,74,32,10.96,LK,1615732403
Harper,4.375,-7.7169,81.12,83,96,9.69,LR,1615732396
Bondo,3.8146,23.6866,89.08,47,63,8.01,CD,1615732404
Batemans Bay,-35.7167,150.1833,53.01,77,0,3.0,AU,1615732404
Kaeo,-35.1,173.7833,57.99,88,4,1.99,NZ,1615732405
Jining,35.405,116.5814,58.12,71,100,12.41,CN,1615732405
Touros,-5.1989,-35.4608,86.0,54,40,14.97,BR,1615732405
Severo-Kuril'sk,50.6789,156.125,28.11,66,0,5.3,RU,1615732405
Sinjār,36.3209,41.8754,59.23,51,100,2.48,IQ,1615732406
George Town,5.4112,100.3354,86.0,66,40,4.61,MY,1615732318
Mount Isa,-20.7333,139.5,77.0,69,90,16.11,AU,1615732406
Bluff,-46.6,168.3333,60.19,70,100,12.62,NZ,1615732406
Fare,-16.7,-151.0167,81.97,75,100,14.7,PF,1615732407
Mar del Plata,-38.0023,-57.5575,73.99,68,0,6.91,AR,1615732200
Bay Roberts,47.5999,-53.2648,30.99,76,76,5.99,CA,1615732407
East London,-33.0153,27.9116,78.8,73,40,10.36,ZA,1615732407
Airai,-8.9266,125.4092,61.2,95,100,1.77,TL,1615732403
Avarua,-21.2078,-159.775,77.0,94,20,2.3,CK,1615732391
Punta Arenas,-53.15,-70.9167,46.4,76,0,5.75,CL,1615732258
Broome,42.2506,-75.833,37.99,69,90,11.5,US,1615732408
Guasdualito,7.2424,-70.7324,77.0,78,21,3.44,VE,1615732409
Marystown,47.1666,-55.1483,28.31,73,100,11.05,CA,1615732277
Castro,-24.7911,-50.0119,80.37,53,1,4.65,BR,1615732409
Tuktoyaktuk,69.4541,-133.0374,-22.0,76,1,10.36,CA,1615732409
Puerto Ayora,-0.7393,-90.3518,82.99,83,40,6.91,EC,1615732277
Burnie,-41.0667,145.9167,52.0,91,41,4.0,AU,1615732111
Hermanus,-34.4187,19.2345,66.99,84,100,3.0,ZA,1615732382
Yangi Marg`ilon,40.4272,71.7189,33.8,75,90,2.3,UZ,1615732410
Ushuaia,-54.8,-68.3,44.6,70,0,5.66,AR,1615732241
Bredasdorp,-34.5322,20.0403,75.2,53,99,13.8,ZA,1615732411
Albany,42.6001,-73.9662,41.0,50,31,3.0,US,1615732141
Jaciara,-15.9653,-54.9683,82.08,73,77,5.26,BR,1615732392
Hobart,-42.8794,147.3294,62.01,51,75,10.36,AU,1615732383
Talnakh,69.4865,88.3972,-13.99,98,100,6.78,RU,1615732411
Chui,-33.6971,-53.4616,74.91,54,0,8.41,UY,1615732412
Simplício Mendes,-7.8539,-41.9103,84.58,64,88,5.66,BR,1615732412
Dikson,73.5069,80.5464,-23.04,99,100,11.95,RU,1615732413
Vaini,-21.2,-175.2,73.4,94,75,2.3,TO,1615732413
Aykhal,66.0,111.5,-23.8,93,67,7.52,RU,1615732396
Sabha,27.0377,14.4283,81.97,15,0,10.04,LY,1615732413
Ranong,9.9658,98.6348,86.0,62,20,5.75,TH,1615732414
San Policarpo,12.1791,125.5072,79.61,85,40,5.59,PH,1615732414
Chokurdakh,70.6333,147.9167,-19.7,83,0,3.27,RU,1615732414
Nouadhibou,20.931,-17.0347,87.8,15,0,9.22,MR,1615732415
Kushmurun,52.4503,64.6311,4.46,92,9,5.57,KZ,1615732415
New Norfolk,-42.7826,147.0587,59.0,63,99,3.0,AU,1615732415
Soyo,-6.1349,12.3689,87.8,70,20,8.05,AO,1615732207
Mataura,-46.1927,168.8643,55.38,70,100,4.43,NZ,1615732387
Carnarvon,-24.8667,113.6333,84.2,61,75,6.91,AU,1615732416
Ol'ga,43.7444,135.2892,34.83,74,100,3.78,RU,1615732329
Eggenfelden,48.4054,12.7626,43.0,79,100,12.62,DE,1615732416
Hamilton,39.1834,-84.5333,44.01,87,1,2.71,US,1615732300
Beloha,-25.1667,45.05,77.36,67,0,16.93,MG,1615732357
Bethel,41.3712,-73.414,45.0,44,0,1.99,US,1615732417
Okitipupa,6.5047,4.7839,84.67,69,100,6.78,NG,1615732417
Aklavik,68.2191,-135.0107,-20.2,76,1,6.91,CA,1615732418
Dicabisagan,17.0818,122.4157,75.63,89,96,8.08,PH,1615732418
Arraial do Cabo,-22.9661,-42.0278,87.8,55,0,5.75,BR,1615732418
Macia,-25.0269,33.0989,80.02,69,4,8.25,MZ,1615732419
Seymchan,62.8833,152.4333,-9.33,87,100,1.19,RU,1615732419
Susanville,40.4163,-120.653,30.2,74,1,3.53,US,1615732419
Pangkalanbuun,-2.6833,111.6167,75.94,91,87,2.21,ID,1615732420
San Quintín,30.4833,-115.95,53.26,78,0,8.57,MX,1615732420
Saldanha,-33.0117,17.9442,75.2,57,98,12.66,ZA,1615732420
Nikolskoye,59.7035,30.7861,35.6,93,90,8.95,RU,1615732421
Chapleau,47.8405,-83.4034,10.4,56,75,17.27,CA,1615732421
Sydney,-33.8679,151.2073,61.0,82,99,5.01,AU,1615732421
Pilar,-9.5972,-35.9567,84.2,58,75,5.75,BR,1615732422
Tasiilaq,65.6145,-37.6368,21.2,63,90,20.71,GL,1615732422
Longyearbyen,78.2186,15.6401,3.2,60,75,9.22,SJ,1615732409
Husavik,66.0449,-17.3389,28.4,74,40,4.61,IS,1615732422
Fengcheng,40.4536,124.0717,38.34,93,0,4.47,CN,1615732423
Barra de Tecoanapa,16.5167,-98.75,81.84,55,0,0.09,MX,1615732423
Thompson,55.7435,-97.8558,1.4,60,90,3.44,CA,1615732423
Ngunguru,-35.6167,174.5,57.99,88,58,1.99,NZ,1615732424
Cap Malheureux,-19.9842,57.6142,78.01,85,100,5.01,MU,1615732424
Pyaozerskiy,65.8333,31.1667,31.08,92,100,6.73,RU,1615732424
Phuket,8.0,98.25,82.4,74,20,3.44,TH,1615732188
Svetlaya,46.5389,138.3297,34.38,77,14,3.62,RU,1615732425
Hīt,33.6416,42.8251,67.32,29,4,5.21,IQ,1615732425
Grenå,56.4158,10.8783,43.0,87,75,8.05,DK,1615732426
Kaitangata,-46.2817,169.8464,53.91,74,52,4.5,NZ,1615732426
Mpanda,-6.3655,31.0409,80.38,65,13,2.62,TZ,1615732426
Liwale,-9.7667,37.9333,77.43,88,94,3.02,TZ,1615732426
Tayzhina,53.6679,87.4362,5.94,90,100,3.27,RU,1615732427
Atasū,48.6814,71.6433,9.93,88,100,8.95,KZ,1615732427
Port Hardy,50.6996,-127.4199,35.6,100,90,6.91,CA,1615732428
Geraldton,-28.7667,114.6,82.4,28,0,19.57,AU,1615732428
Khovd,48.0056,91.6419,16.9,31,81,3.56,MN,1615732428
Atuona,-9.8,-139.0333,79.25,63,41,7.85,PF,1615732428
Lompoc,34.6391,-120.4579,48.2,81,90,8.23,US,1615732381
Zhangye,38.9342,100.4517,52.9,23,29,6.08,CN,1615732429
Butaritari,3.0707,172.7902,81.32,80,13,16.49,KI,1615732388
Hithadhoo,-0.6,73.0833,84.65,66,65,6.64,MV,1615732429
Harstad,68.799,16.5293,37.0,97,100,15.99,NO,1615732430
San Cristobal,7.7669,-72.225,75.2,88,40,2.3,VE,1615732422
São Paulo de Olivença,-3.3783,-68.8725,80.98,89,90,4.74,BR,1615732430
Buala,-8.145,159.5921,78.89,76,98,3.11,SB,1615732430
Ponta Delgada,37.7333,-25.6667,60.8,100,40,14.97,PT,1615732378
Farap,39.1704,63.6116,35.6,38,0,5.99,TM,1615732431
Petropavlovsk-Kamchatskiy,53.0452,158.6483,23.0,58,1,13.42,RU,1615732217
Barrow,71.2906,-156.7887,-11.2,70,1,12.66,US,1615732431
Taltal,-25.4,-70.4833,70.43,73,5,7.52,CL,1615732432
Dunedin,-45.8742,170.5036,60.49,61,20,8.72,NZ,1615732202
San Juan Bautista,-14.0108,-75.7358,75.2,78,0,4.61,PE,1615732432
Saint George,37.1041,-113.5841,37.0,80,1,3.44,US,1615732432
Mackay,-21.15,149.2,73.4,94,25,3.58,AU,1615732385
Codrington,-38.2667,141.9667,51.87,84,88,8.66,AU,1615732433
Werda,-25.2667,23.2833,87.82,21,1,8.84,BW,1615732433
Korla,41.7597,86.1469,56.21,31,99,19.51,CN,1615732434
Khatanga,71.9667,102.5,-18.35,96,100,8.43,RU,1615732434
Del Rio,29.3627,-100.8968,59.0,41,90,6.91,US,1615732317
Akşehir,38.3575,31.4164,51.76,62,100,6.62,TR,1615732434
Brae,60.3964,-1.353,44.6,81,40,24.16,GB,1615732435
Yar-Sale,66.8333,70.8333,7.11,91,85,6.89,RU,1615732435
Yarqā,31.9785,35.6947,69.8,40,99,4.21,JO,1615732435
Ancud,-41.8697,-73.8203,66.99,72,0,4.61,CL,1615732284
Lorengau,-2.0226,147.2712,80.56,76,99,0.36,PG,1615732436
Copiapó,-27.3667,-70.3333,60.8,82,90,6.89,CL,1615732259
Pedernales,18.0384,-71.744,79.84,64,1,3.89,DO,1615732436
Cabo San Lucas,22.8909,-109.9124,64.99,23,20,14.97,MX,1615732428
Mossamedes,-15.1961,12.1522,82.4,61,40,12.66,AO,1615732437
Trairi,-3.2778,-39.2689,86.41,59,31,10.36,BR,1615732437
Caravelas,-17.7125,-39.2481,86.4,51,0,7.94,BR,1615732437
Lerwick,60.1545,-1.1494,44.6,81,40,24.16,GB,1615732438
Villanueva de la Serena,38.9766,-5.7974,64.0,39,0,8.99,ES,1615732438
Chifeng,42.2683,118.9636,44.13,77,9,11.18,CN,1615732438
Kapaa,22.0752,-159.319,69.01,94,90,18.41,US,1615732439
Pailón,-17.65,-62.75,69.8,94,90,3.44,BO,1615732439
Camacha,33.0833,-16.3333,62.6,67,40,14.97,PT,1615732439
Talcahuano,-36.7167,-73.1167,57.2,94,90,4.61,CL,1615732440
Milove,49.3787,40.1302,33.71,83,62,9.01,UA,1615732440
Gizo Government Station,-8.103,156.8419,81.59,74,37,4.25,SB,1615732440
Laguna,38.421,-121.4238,44.01,81,1,5.75,US,1615732441
Boden,65.8252,21.6886,28.4,86,0,4.61,SE,1615732441
Vardø,70.3705,31.1107,28.2,79,100,7.85,NO,1615732419
Padang,-0.9492,100.3543,78.8,89,75,2.3,ID,1615732442
Hasaki,35.7333,140.8333,44.6,57,0,2.3,JP,1615732442
Conceição do Araguaia,-8.2578,-49.2647,80.6,83,20,5.75,BR,1615732442
Zima,53.9202,102.0442,4.95,91,86,5.28,RU,1615732443
Nome,64.5011,-165.4064,17.6,79,90,18.41,US,1615732443
Dalvik,65.9702,-18.5286,28.4,74,40,4.61,IS,1615732444
Haines Junction,60.7522,-137.5108,-23.8,76,0,1.14,CA,1615732444
Olafsvik,64.8945,-23.7142,34.74,75,37,7.67,IS,1615732444
Beisfjord,68.3751,17.5988,35.6,93,75,5.75,NO,1615732445
Antofagasta,-23.65,-70.4,71.6,68,20,3.44,CL,1615732196
Plainfield,40.6168,-74.4173,48.2,31,1,13.8,US,1615732323
Bengkulu,-3.8004,102.2655,78.57,82,91,3.67,ID,1615732445
Lagoa,39.05,-27.9833,61.03,86,1,11.45,PT,1615732446
Montego Bay,18.4712,-77.9188,80.6,69,20,13.8,JM,1615732446
Katsuura,35.1333,140.3,50.0,37,0,19.57,JP,1615732446
Marsh Harbour,26.5412,-77.0636,71.31,63,100,6.38,BS,1615732446
Mahébourg,-20.4081,57.7,75.2,100,75,8.9,MU,1615732396
Port Elizabeth,-33.918,25.5701,69.8,88,20,9.22,ZA,1615732447
Āsosa,10.0667,34.5333,83.53,27,71,4.32,ET,1615732447
Ugoofaaru,5.6667,73.0,83.57,75,91,14.54,MV,1615732448
Constitución,-35.3333,-72.4167,63.46,75,99,6.67,CL,1615732448
Province of Mantua,45.1667,10.7833,61.0,21,40,13.8,IT,1615732448
Isangel,-19.55,169.2667,76.26,87,100,8.84,VU,1615732449
Nemuro,43.3236,145.575,33.89,95,100,26.4,JP,1615732449
Puerto Escondido,15.85,-97.0667,77.0,88,1,5.75,MX,1615732449
Fort Nelson,58.8053,-122.7002,-4.0,71,90,8.05,CA,1615732450
Ilulissat,69.2167,-51.1,12.2,57,75,9.22,GL,1615732450
Shirokiy,49.758,129.523,32.31,80,30,14.7,RU,1615732450
Singarāyakonda,15.25,80.0333,78.53,70,0,11.48,IN,1615732451
Chunoyar,57.4467,97.3217,6.19,96,100,6.93,RU,1615732451
Lagonoy,13.7342,123.5207,75.56,96,100,3.87,PH,1615732451
Bud,39.447,-86.1758,46.0,57,40,4.81,US,1615732452
San Martín,-33.081,-68.4681,69.8,73,40,6.91,AR,1615732452
Provideniya,64.3833,-173.3,18.77,95,100,3.76,RU,1615732452
Cayenne,4.9333,-52.3333,77.0,94,75,4.61,GF,1615732453
Ouahigouya,13.5828,-2.4216,96.89,11,63,7.43,BF,1615732453
Semey,50.4111,80.2275,5.97,92,100,5.41,KZ,1615732453
Yongchang,30.0381,119.7317,57.0,82,52,0.49,CN,1615732454
San Juan,-31.5375,-68.5364,78.75,48,0,8.97,AR,1615732454
Kysyl-Syr,63.8986,122.7617,10.69,91,100,9.78,RU,1615732454
Mandalgovi,45.7625,106.2708,11.44,45,0,25.75,MN,1615732455
Sur,22.5667,59.5289,74.88,71,0,4.07,OM,1615732455
Alta Floresta,-9.8756,-56.0861,77.0,94,90,4.61,BR,1615732455
Flin Flon,54.7682,-101.865,17.6,67,75,10.36,CA,1615732345
Morón,-34.6534,-58.6198,82.99,30,1,4.0,AR,1615732209
Aban,56.67,96.06,2.95,91,74,7.02,RU,1615732456
Maragogi,-9.0122,-35.2225,84.29,56,100,9.15,BR,1615732456
Anadyr,64.75,177.4833,10.4,92,75,20.13,RU,1615732457
Nanortalik,60.1432,-45.2371,34.3,75,71,11.7,GL,1615732337
Ponta do Sol,32.6667,-17.1,62.6,67,75,12.66,PT,1615732457
Tūkrah,32.5341,20.5791,61.0,71,85,11.5,LY,1615732457
Melo,-32.3667,-54.1833,76.05,41,0,6.02,UY,1615732458
Kilrush,52.6397,-9.4833,51.8,82,90,21.85,IE,1615732458
San Patricio,28.017,-97.5169,73.4,94,90,12.66,US,1615732458
Lincoln,40.8,-96.667,42.8,81,90,21.85,US,1615732208
Gloversville,43.0528,-74.3438,37.0,55,75,12.66,US,1615732262
Khorixas,-20.3667,14.9667,84.47,41,61,16.22,NA,1615732459
Basoko,1.2391,23.616,93.99,42,100,3.36,CD,1615732459
Qaqortoq,60.7167,-46.0333,41.0,36,75,2.3,GL,1615732459
Tazmalt,36.3868,4.3989,62.35,52,13,11.27,DZ,1615732460
Mehamn,71.0357,27.8492,28.8,83,100,14.07,NO,1615732460
Nísia Floresta,-6.0911,-35.2086,87.8,55,20,13.8,BR,1615732460
Tuatapere,-46.1333,167.6833,60.8,76,100,7.58,NZ,1615732461
Iqaluit,63.7506,-68.5145,-18.0,69,75,16.11,CA,1615732461
Pacifica,37.6138,-122.4869,50.0,76,90,4.61,US,1615732432
Fairbanks,64.8378,-147.7164,-7.6,71,1,8.05,US,1615732203
Half Moon Bay,37.4636,-122.4286,48.99,76,90,4.61,US,1615732462
Ukiah,39.1502,-123.2078,44.6,76,90,3.4,US,1615732462
Selishche,56.8879,33.2691,34.88,96,100,6.42,RU,1615732462
Kvarkeno,52.0833,59.725,4.48,75,0,4.09,RU,1615732463
San Lazaro,18.0387,-88.6622,82.0,73,1,9.22,BZ,1615732463
Emerald,-23.5333,148.1667,77.0,83,90,11.5,AU,1615732265
Faanui,-16.4833,-151.75,82.47,76,34,16.44,PF,1615732463
Zermatt,46.0213,7.7491,37.99,100,90,36.82,CH,1615732464
Sitka,57.0531,-135.33,24.8,74,1,4.61,US,1615732464
West Helena,34.5507,-90.6418,66.2,94,40,6.91,US,1615732465
Egvekinot,66.3167,-179.1667,6.8,94,100,2.73,RU,1615732465
Xining,36.6167,101.7667,49.55,8,0,3.24,CN,1615732465
Kavieng,-2.5744,150.7967,81.88,70,94,3.06,PG,1615732465
Kumluca,36.3703,30.2869,57.88,84,100,1.97,TR,1615732466
Santa Maria,-29.6842,-53.8069,75.2,83,40,6.91,BR,1615732370
Mount Gambier,-37.8333,140.7667,53.6,82,90,8.05,AU,1615732466
Leerdam,51.8933,5.0917,48.0,65,60,17.36,NL,1615732467
Grindavik,63.8424,-22.4338,35.6,55,0,5.75,IS,1615732467
Ahipara,-35.1667,173.1667,59.32,82,0,2.91,NZ,1615732467
Kununurra,-15.7667,128.7333,80.6,94,75,2.3,AU,1615732384
Yuli,9.6989,10.2744,105.12,9,75,7.0,NG,1615732468
Mthatha,-31.5889,28.7844,76.82,78,2,7.83,ZA,1615732202
Uusikaupunki,60.8004,21.4084,35.6,87,90,4.61,FI,1615732468
Banda Aceh,5.5577,95.3222,80.44,80,100,8.14,ID,1615732469
Santiago,-33.4569,-70.6483,73.0,67,0,2.3,CL,1615732469
Turan,16.0678,108.2208,77.0,78,20,3.44,VN,1615732349
Liverpool,53.4106,-2.9779,44.6,87,90,13.8,GB,1615732453
Praia da Vitória,38.7333,-27.0667,63.0,94,75,20.38,PT,1615732470
Sikasso,10.9167,-7.0,102.76,9,79,3.91,ML,1615732470
Quatre Cocos,-20.2078,57.7625,78.01,100,75,10.16,MU,1615732470
Whitianga,-36.8333,175.7,63.0,90,35,1.01,NZ,1615732470
Heihe,50.2441,127.4902,42.8,65,35,6.71,CN,1615732328
Toktogul,41.8708,72.9402,36.03,84,98,4.9,KG,1615732471
Klyuchi,52.2667,79.1667,1.71,94,100,4.07,RU,1615732471
Najrān,17.4924,44.1277,80.6,22,0,8.05,SA,1615732472
Pacific Grove,36.6177,-121.9166,48.99,66,90,8.05,US,1615732234
Trelew,-43.249,-65.3051,67.8,42,0,13.96,AR,1615732472
Republic,37.12,-93.4802,50.0,93,90,17.27,US,1615732472
Ulaangom,49.9811,92.0667,-2.43,86,95,3.94,MN,1615732473
São Filipe,14.8961,-24.4956,73.4,66,0,7.16,CV,1615732395
Mocuba,-16.8392,36.9856,78.51,91,44,4.21,MZ,1615732473
Saint-Philippe,-21.3585,55.7679,80.6,74,90,18.41,RE,1615732474
Arrondissement de Saint-Denis,48.9167,2.3333,52.0,54,75,13.8,FR,1615732346
Motema,8.6,-11.0333,96.04,30,100,0.74,SL,1615732474
Leningradskiy,69.3833,178.4167,8.87,95,100,7.45,RU,1615732459
Cabedelo,-6.9811,-34.8339,87.8,58,75,12.66,BR,1615732474
Upernavik,72.7868,-56.1549,1.65,91,100,1.97,GL,1615732475
Norman Wells,65.282,-126.8329,-5.8,84,90,2.01,CA,1615732475
Buriti dos Lopes,-3.175,-41.8669,87.8,51,75,13.8,BR,1615732475
Bonavista,48.6499,-53.1147,28.99,74,100,6.91,CA,1615732476
Djambala,-2.5447,14.7533,80.67,63,86,3.51,CG,1615732476
Narsaq,60.9167,-46.05,41.0,36,75,2.3,GL,1615732187
Atambua,-9.1061,124.8925,74.97,87,100,0.92,ID,1615732477
Kumul,42.8,93.45,52.43,35,96,9.42,CN,1615732477
Vengerovo,55.6848,76.7471,0.63,98,93,7.99,RU,1615732477
Bandarbeyla,9.4942,50.8122,78.4,77,0,14.34,SO,1615732478
Pangody,65.85,74.4859,7.52,95,75,8.99,RU,1615732478
Mahibadhoo,3.7833,72.9667,81.63,78,100,15.12,MV,1615732478
Yulara,-25.2406,130.9889,66.2,55,2,4.61,AU,1615732406
Mae Sot,16.7167,98.5667,75.4,77,85,1.45,TH,1615732479
Camocim,-2.9022,-40.8411,82.35,78,47,5.64,BR,1615732479
Igarka,67.4667,86.5833,-3.75,98,100,7.27,RU,1615732479
Clyde River,70.4692,-68.5914,-7.6,77,1,19.57,CA,1615732480
Abengourou,6.7297,-3.4964,94.95,33,41,1.14,CI,1615732480
Plettenberg Bay,-34.0527,23.3716,67.82,94,100,8.86,ZA,1615732480
Cockburn Town,21.4612,-71.1419,75.04,67,24,11.59,TC,1615732375
Luba,3.4568,8.5547,80.31,82,65,5.17,GQ,1615732481
Balabac,7.9868,117.0645,79.75,83,75,7.99,PH,1615732481
Karratha,-20.7377,116.8463,83.97,70,99,10.25,AU,1615732481
Progreso,21.2833,-89.6667,77.0,88,1,12.66,MX,1615732482
Souillac,-20.5167,57.5167,75.2,100,75,8.57,MU,1615732482
Sidi Ali,36.0998,0.4206,60.01,70,8,9.37,DZ,1615732482
Rawson,-43.3002,-65.1023,64.24,56,1,14.25,AR,1615732434
Shakawe,-18.3667,21.85,81.86,51,66,4.83,BW,1615732483
Guerrero Negro,27.9769,-114.0611,55.11,72,46,5.88,MX,1615732483
Vila Velha,-20.3297,-40.2925,87.01,58,40,9.22,BR,1615732307
Garden City,42.3256,-83.331,46.4,39,20,10.36,US,1615732447
Nantucket,41.2835,-70.0995,41.0,48,1,13.8,US,1615732484
Broken Hill,-31.95,141.4333,57.2,38,0,9.22,AU,1615732484
Meridian,43.6121,-116.3915,35.6,93,1,3.78,US,1615732218
Departamento de Maldonado,-34.6667,-54.9167,72.0,64,40,3.44,UY,1615732484
Thinadhoo,0.5333,72.9333,84.79,66,100,5.48,MV,1615732485
Trimbak,19.9333,73.55,75.06,26,10,3.15,IN,1615732485
Zaykovo,57.5613,62.7568,16.61,87,19,7.7,RU,1615732485
Assiniboia,49.6334,-105.9845,30.2,64,0,17.27,CA,1615732486
Upington,-28.4478,21.2561,69.8,78,75,6.91,ZA,1615732486
Manitouwadge,49.1215,-85.8403,17.6,67,75,8.05,CA,1615732487
Suntar,62.1444,117.6319,1.85,81,22,9.01,RU,1615732487
Yerbogachën,61.2767,108.0108,-6.74,87,40,9.15,RU,1615732487
Hambantota,6.1241,81.1185,78.8,94,20,8.05,LK,1615732488
Nampula,-15.1165,39.2666,86.0,58,75,12.66,MZ,1615732488
Poquoson,37.1224,-76.3458,57.0,37,1,5.75,US,1615732488
Port-Cartier,50.0334,-66.8654,12.0,47,100,10.36,CA,1615732489
Vao,-22.6667,167.4833,76.51,79,27,17.0,NC,1615732431
Lengshuijiang,27.6881,111.4294,65.8,88,2,1.9,CN,1615732489
Moshenskoye,58.5102,34.5911,34.2,98,100,9.53,RU,1615732489
Yatsuomachi-higashikumisaka,36.5667,137.1333,43.0,67,11,4.0,JP,1615732222
Nelson Bay,-32.7167,152.15,62.01,100,90,11.5,AU,1615732490
Saint Anthony,45.0205,-93.218,39.99,52,1,10.36,US,1615732490
Hofn,64.2539,-15.2082,35.6,80,90,4.61,IS,1615732491
Berlevåg,70.8578,29.0864,28.76,79,99,11.48,NO,1615732491
Borovichi,58.3878,33.9155,35.17,97,100,8.01,RU,1615732491
Menongue,-14.6585,17.691,73.45,81,92,5.79,AO,1615732492
Palmer,42.1584,-72.3287,42.01,38,20,13.8,US,1615732492
Russell,32.3502,-85.1999,68.0,77,1,0.98,US,1615732210
Dhārchula,29.85,80.5333,61.63,46,54,3.06,IN,1615732492
Tevaitoa,-16.7833,-151.5,82.35,76,64,15.57,PF,1615732493
Zilair,52.2332,57.4392,10.87,89,93,3.27,RU,1615732493
Meulaboh,4.1363,96.1285,78.37,85,100,4.76,ID,1615732493
Värnamo,57.186,14.04,45.0,62,39,10.92,SE,1615732494
Lesnoye,58.2841,35.5158,33.91,98,100,9.42,RU,1615732494
Bilibino,68.0546,166.4372,-13.5,99,100,4.27,RU,1615732494
Monte Alegre,-2.0078,-54.0692,85.01,62,49,4.27,BR,1615732495
Gazimurskiy Zavod,51.5461,118.3266,30.33,97,100,7.29,RU,1615732495
Santiago del Estero,-27.7951,-64.2615,84.06,35,53,6.53,AR,1615732495
Cradock,-32.1642,25.6192,75.07,62,81,15.99,ZA,1615732496
Kangaatsiaq,68.3065,-53.4641,11.97,84,100,11.12,GL,1615732496
Lata,40.1629,-8.3327,66.99,76,2,5.01,PT,1615732253
Acapulco de Juárez,16.8634,-99.8901,75.2,88,20,2.37,MX,1615732496
Kyra,49.5776,111.9753,10.15,63,100,37.54,RU,1615732497
Yei,4.095,30.6779,85.93,43,86,6.78,SS,1615732497
Sri Aman,1.2376,111.4621,75.2,94,99,1.61,MY,1615732497
Quesnel,52.9999,-122.5029,42.8,45,75,17.27,CA,1615732290
Barkhan,29.8977,69.5256,69.6,27,0,8.52,PK,1615732498
Esim,4.8699,-2.2405,81.79,76,96,8.03,GH,1615732498
Gornopravdinsk,60.05,69.9,17.46,93,100,9.13,RU,1615732498
Abu Samrah,35.3029,37.1841,62.53,39,100,5.64,SY,1615732499
Mastic Beach,40.7668,-72.8521,48.0,34,1,17.27,US,1615732499
Sambava,-14.2667,50.1667,81.14,84,47,14.67,MG,1615732499
Guiratinga,-16.3494,-53.7583,79.81,79,100,6.64,BR,1615732500
Laas,46.6166,10.7002,53.6,69,90,8.05,IT,1615732500
São João da Barra,-21.6403,-41.0511,86.0,54,0,4.61,BR,1615732500
Fomboni,-12.28,43.7425,84.29,67,100,8.59,KM,1615732501
Lunglei,22.8833,92.7333,63.36,36,0,2.73,IN,1615732501
Pisco,-13.7,-76.2167,75.2,78,0,4.61,PE,1615732502
Malinovoye Ozero,51.6753,79.7825,4.48,89,100,4.59,RU,1615732502
Avera,33.194,-82.5271,64.99,77,1,5.75,US,1615732502
Esperance,-33.8667,121.9,57.2,77,0,10.36,AU,1615732420
Adrar,20.5022,-10.0711,86.99,16,25,9.1,MR,1615732503
Srednekolymsk,67.45,153.6833,-21.8,93,0,1.7,RU,1615732503
Lüderitz,-26.6481,15.1594,72.3,69,34,22.01,NA,1615732503
Nsoko,-27.0333,31.95,83.77,58,0,7.78,SZ,1615732505
Ribeira Grande,38.5167,-28.7,62.6,94,40,12.66,PT,1615732505
Praia,14.9215,-23.5087,80.6,47,0,17.27,CV,1615732360
Port Lincoln,-34.7333,135.8667,57.22,72,15,3.78,AU,1615732422
Shingū,33.7333,135.9833,43.93,75,0,6.91,JP,1615732389
Samarai,-10.6167,150.6667,81.46,78,78,7.87,PG,1615732506
Dudinka,69.4058,86.1778,-16.02,99,100,5.73,RU,1615732506
Ilo,-17.6394,-71.3375,74.01,76,75,8.46,PE,1615732507
Kenai,60.5544,-151.2583,9.0,77,1,4.61,US,1615732507
Lázaro Cárdenas,17.9583,-102.2,77.88,65,0,5.41,MX,1615732507
Redlands,34.0556,-117.1825,50.0,76,90,2.44,US,1615732459
Ostrovnoy,68.0531,39.5131,23.43,93,100,10.13,RU,1615732508
Kropotkin,45.4375,40.5756,45.0,58,0,10.13,RU,1615732508
Atar,20.5169,-13.0499,91.71,9,51,8.46,MR,1615732508
Singaraja,-8.112,115.0882,79.81,83,49,3.36,ID,1615732509
Porto-Novo,6.4965,2.6036,80.6,83,20,11.5,BJ,1615732509
San Rafael del Sur,11.8485,-86.4384,80.6,65,20,16.11,NI,1615732510
Coyhaique,-45.5752,-72.0662,51.8,76,0,3.44,CL,1615732510
Lavrentiya,65.5833,-171.0,15.12,95,100,3.94,RU,1615732511
Ust-Tsilma,65.441,52.1498,25.12,94,100,8.66,RU,1615732512
Whitehorse,60.7161,-135.0538,-9.0,77,75,5.75,CA,1615732424
Udachny,66.4167,112.4,-22.88,88,93,7.23,RU,1615732278
Lyuban',52.7985,28.0048,40.51,91,100,10.4,BY,1615732512
Buluang,13.3068,123.3425,75.15,94,96,3.36,PH,1615732512
Shenzhen,22.5455,114.0683,72.0,92,20,1.99,CN,1615732287
Cidreira,-30.1811,-50.2056,79.65,69,6,8.19,BR,1615732513
Oriximiná,-1.7656,-55.8661,84.18,62,100,3.71,BR,1615732513
Kavaratti,10.5669,72.642,84.02,65,0,5.19,IN,1615732514
Itarema,-2.9248,-39.9167,85.86,63,44,10.92,BR,1615732514
Jiaocheng,24.6774,116.1389,67.96,86,36,3.04,CN,1615732514
Yeppoon,-23.1333,150.7333,77.0,78,75,5.17,AU,1615732514
Chokwé,-24.5333,32.9833,83.82,58,69,9.71,MZ,1615732515
Margate,51.3813,1.3862,53.01,48,68,4.0,GB,1615732459
Belaya Gora,68.5333,146.4167,-22.22,99,0,3.49,RU,1615732515
Vila,42.0304,-8.1588,55.99,67,80,8.99,PT,1615732516
Henties Bay,-22.116,14.2845,68.0,87,20,15.99,NA,1615732373
La Santisima Trinidad,-14.8333,-64.9,84.2,79,40,3.94,BO,1615732516
Yukuhashi,33.7287,130.983,50.0,87,20,2.3,JP,1615732516
Agadez,19.75,10.25,92.59,7,0,11.52,NE,1615732319
Ariquemes,-9.9133,-63.0408,75.72,91,100,3.74,BR,1615732517
Pulandian,39.3953,121.9669,46.4,76,100,11.18,CN,1615732517
Isiro,2.7739,27.616,78.98,69,82,2.84,CD,1615732219
Cheyenne,41.14,-104.8203,28.4,93,90,28.77,US,1615732279
Ürümqi,43.801,87.6005,28.4,64,75,4.47,CN,1615732518
Gusau,12.1628,6.6614,101.39,10,35,8.46,NG,1615732518
Chadiza,-14.0678,32.4392,72.0,83,89,4.16,ZM,1615732518
Eyl,7.9803,49.8164,78.69,76,41,19.15,SO,1615732518
Rognan,67.0953,15.3878,37.0,72,99,4.0,NO,1615732519
Estevan,49.1334,-102.9842,33.8,80,1,12.66,CA,1615732519
Denpasar,-8.65,115.2167,77.0,100,75,2.3,ID,1615732519
Payo,-3.7508,103.6372,74.43,95,83,1.32,ID,1615732520
Alyangula,-13.8483,136.4192,78.8,94,22,6.33,AU,1615732520
Hirara,24.8,125.2833,68.94,68,0,14.47,JP,1615732520
Zhigansk,66.7697,123.3711,6.62,95,100,11.5,RU,1615732521
Marawi,7.9986,124.2928,77.0,94,66,4.0,PH,1615732521
Tilichiki,60.4667,166.1,-8.32,90,61,5.26,RU,1615732521
Ussel,45.55,2.3167,48.0,49,34,8.99,FR,1615732522
Armidale,-30.5167,151.65,53.01,95,100,1.01,AU,1615732522
Elizabeth City,36.2946,-76.2511,55.0,58,1,3.44,US,1615732522
Irkutsk,52.2978,104.2964,14.0,57,0,8.95,RU,1615732230
Port Blair,11.6667,92.75,81.66,75,0,5.01,IN,1615732523
Noumea,-22.2763,166.4572,71.6,83,0,1.14,NC,1615732380
Aljezur,37.3191,-8.8033,66.07,50,79,10.58,PT,1615732523
Goderich,43.7501,-81.7165,33.8,69,11,16.11,CA,1615732263
Hualmay,-11.0964,-77.6139,76.89,66,49,7.49,PE,1615732276
De Aar,-30.6497,24.0123,82.4,36,20,10.36,ZA,1615732524
Tonj,7.2737,28.6822,88.32,43,88,5.35,SS,1615732524
Cooma,-36.2333,149.1333,33.8,100,2,1.41,AU,1615732518
Dingle,10.9995,122.6711,75.96,91,96,3.62,PH,1615732525
Luwuk,-0.9516,122.7875,78.31,87,39,0.96,ID,1615732525
Burgstädt,50.9167,12.8167,44.01,79,96,13.0,DE,1615732525
Chinhoyi,-17.3667,30.2,73.89,77,65,4.56,ZW,1615732526
Morro Bay,35.3658,-120.8499,48.0,79,87,1.01,US,1615732494
Salalah,17.0151,54.0924,80.6,65,0,9.22,OM,1615732526
Mt. Pleasant,32.7941,-79.8626,68.0,82,1,6.15,US,1615732381
Port Macquarie,-31.4333,152.9167,64.4,94,90,12.66,AU,1615732527
Constantine,36.365,6.6147,59.0,41,40,13.8,DZ,1615732527
Mānsa,29.9833,75.3833,73.09,25,0,4.05,IN,1615732527
North Bend,43.4065,-124.2243,50.0,71,40,9.22,US,1615732528
Makakilo City,21.3469,-158.0858,69.8,78,1,5.75,US,1615732528
Jalu,29.0331,21.5482,73.45,24,92,17.96,LY,1615732528
Dayong,25.0209,118.2898,64.4,68,0,11.18,CN,1615732529
Chu,43.5983,73.7614,28.51,91,100,7.58,KZ,1615732529
Melito di Porto Salvo,37.9222,15.7714,62.6,55,20,14.97,IT,1615732529
General Roca,-39.0333,-67.5833,68.0,60,0,10.36,AR,1615732529
Ocampo,21.65,-101.5,64.04,28,0,3.36,MX,1615732530
Kruisfontein,-34.0033,24.7314,71.01,83,100,3.0,ZA,1615732530
Dehlorān,32.6941,47.2679,67.75,46,0,4.52,IR,1615732531
Mayo,38.8876,-76.5119,55.99,28,1,13.8,US,1615732395
Slave Lake,55.2834,-114.769,35.6,75,90,11.5,CA,1615732532
Popondetta,-8.7537,148.2534,74.03,94,100,1.88,PG,1615732532
Berlin,52.5244,13.4105,48.0,76,40,16.11,DE,1615732532
Kokoda,-8.8785,147.7407,74.52,90,100,2.33,PG,1615732533
Ayagoz,47.9714,80.4392,3.72,95,100,11.77,KZ,1615732533
Bagdarin,54.4333,113.6,9.57,56,100,17.72,RU,1615732533
La Reforma,18.1,-91.0167,76.89,66,0,13.04,MX,1615732534
Takoradze,4.8845,-1.7554,79.12,84,100,6.53,GH,1615732534
Tazovsky,67.4667,78.7,4.87,96,100,7.45,RU,1615732534
Bembèrèkè,10.2283,2.6634,104.9,12,36,2.68,BJ,1615732535
Kodinsk,58.6881,99.1844,5.13,95,82,7.31,RU,1615732330
Nesbyen,60.5681,9.1027,37.0,78,100,5.01,NO,1615732535
Suicheng,33.8963,117.9331,53.33,85,85,10.29,CN,1615732535
Seoul,37.5683,126.9778,48.2,87,94,4.61,KR,1615732386
Kelapa Sawit,1.6698,103.5327,78.8,89,20,5.06,MY,1615732536
Skibbereen,51.55,-9.2667,50.0,81,75,13.8,IE,1615732536
College,64.8569,-147.8028,-7.6,76,1,5.75,US,1615732537
Porkhov,57.765,29.5561,42.8,81,40,6.71,RU,1615732537
Kendari,-3.945,122.4989,78.17,86,0,2.28,ID,1615732537
Peterhead,57.5058,-1.7981,50.0,43,20,17.27,GB,1615732538
Poznań,52.4069,16.9299,45.0,70,75,16.11,PL,1615732538
Härnösand,62.6323,17.9379,35.6,87,75,2.3,SE,1615732538
Kanina,-10.7341,25.4699,66.85,85,100,2.46,CD,1615732539
Hays,30.0502,-98.0336,55.0,94,90,4.61,US,1615732539
Valparaíso,-33.0393,-71.6273,61.0,100,90,3.44,CL,1615732539
Coquimbo,-29.9533,-71.3436,62.6,72,90,4.61,CL,1615732259
Stornoway,58.2093,-6.3865,48.0,81,40,12.66,GB,1615732296
Bathsheba,13.2167,-59.5167,82.4,65,75,14.97,BB,1615732540
Foam Lake,51.65,-103.5343,33.8,64,0,20.71,CA,1615732540
Aksu,41.1231,80.2644,59.13,22,100,6.73,CN,1615732541
Taoudenni,22.6783,-3.9836,89.29,17,0,15.55,ML,1615732541
Kincardine,56.0667,-3.7167,46.99,81,75,12.66,GB,1615732541
Qasigiannguit,68.8193,-51.1922,12.2,57,75,9.22,GL,1615732341
Nyuksenitsa,60.4128,44.2397,28.78,92,100,8.1,RU,1615732542
Matonga,-2.3833,34.0833,74.55,60,80,5.39,TZ,1615732542
Nevşehir,38.9167,34.6667,57.2,38,75,3.44,TR,1615732542
Abu Kamal,34.4506,40.9171,68.31,25,40,6.42,SY,1615732542
Umm Kaddadah,13.6017,26.6876,98.56,4,65,10.51,SD,1615732364
Baijiantan,45.6333,85.1833,28.92,71,100,10.47,CN,1615732543
Marovoay,-16.1,46.6333,91.4,55,20,4.61,MG,1615732507
Cherskiy,68.75,161.3,-8.81,98,100,7.63,RU,1615732543
High Level,58.5169,-117.136,5.0,92,90,12.66,CA,1615732544
Bubaque,11.2833,-15.8333,78.67,54,99,6.11,GW,1615732544
Qinhuangdao,39.9317,119.5883,43.09,78,100,2.42,CN,1615732544
Tacna,-18.0056,-70.2483,75.2,53,0,4.61,PE,1615732545
Auki,-8.7676,160.7034,76.8,84,100,2.66,SB,1615732545
Forestville,38.8451,-76.875,57.0,26,1,17.27,US,1615732546
Biltine,14.5333,20.9167,105.31,6,53,8.59,TD,1615732546
Mahajanga,-15.7167,46.3167,91.4,55,20,4.61,MG,1615732546
Pekan,3.4836,103.3996,78.8,83,20,3.44,MY,1615732547
Verkhnyaya Inta,65.9811,60.3094,21.67,91,100,15.68,RU,1615732547
Sørland,67.667,12.6934,42.8,75,75,3.44,NO,1615732547
Adelaide,-34.9333,138.6,55.99,71,0,4.61,AU,1615732548
Rafrāf,37.1904,10.1837,64.4,48,40,18.41,TN,1615732548
Pedasí,7.5333,-80.0333,80.37,69,55,19.46,PA,1615732548
Pandan,14.0453,124.1694,77.79,90,100,12.93,PH,1615732370
Faya,18.3851,42.4509,75.2,40,0,11.5,SA,1615732549
Namatanai,-3.6667,152.4333,78.82,77,67,3.04,PG,1615732550
Miranda de Ebro,42.6865,-2.947,50.0,76,75,13.8,ES,1615732550
Hervey Bay,-25.2986,152.8535,78.01,83,36,3.0,AU,1615732550
Salta,-24.7859,-65.4117,71.6,73,40,5.75,AR,1615732550
Los Llanos de Aridane,28.6585,-17.9182,69.8,64,75,9.22,ES,1615732551
Goražde,43.6669,18.9764,55.4,47,75,5.75,BA,1615732382
Muli,2.9167,73.5667,80.71,76,100,12.17,MV,1615732551
Sept-Îles,50.2001,-66.3821,12.0,47,100,10.36,CA,1615732306
Kuandian,40.7286,124.7847,37.15,91,0,2.8,CN,1615732552
San Bartolomé de Tirajana,27.9248,-15.5733,71.01,64,75,14.97,ES,1615732552
Umluj,25.0213,37.2685,76.51,60,85,7.81,SA,1615732553
Yokadouma,3.5167,15.05,91.92,41,99,5.17,CM,1615732553
Türkan,40.3639,50.215,42.8,87,75,11.5,AZ,1615732553
Kâhta,37.7855,38.6237,57.2,33,75,4.61,TR,1615732554
Saint-Leu,-21.15,55.2833,80.6,74,90,18.41,RE,1615732554
Voh,-20.9667,164.7,72.79,89,99,3.85,NC,1615732555
Burlington,39.8835,-74.6413,51.8,28,1,19.57,US,1615732209
Sirte,31.2089,16.5887,62.26,64,1,11.5,LY,1615732555
Vaitape,-16.5167,-151.75,82.54,76,34,16.37,PF,1615732256
Hailar,49.2,119.7,42.6,64,100,25.17,CN,1615732555
La Ronge,55.1001,-105.2842,28.4,64,100,16.11,CA,1615732556
Chegutu,-18.1302,30.1407,73.54,68,98,4.88,ZW,1615732556
Deputatsky,69.3,139.9,-20.15,69,23,1.88,RU,1615732333
Kungurtug,50.5994,97.5228,-1.52,85,38,2.71,RU,1615732557
Koslan,63.4564,48.8989,23.76,93,100,9.33,RU,1615732557
Waddān,29.1614,16.139,77.67,25,0,10.2,LY,1615732557
Jizan,17.3333,42.6667,86.0,66,0,9.22,SA,1615732558
Chattanooga,35.0456,-85.3097,60.01,58,90,8.05,US,1615732425
Birjand,32.8663,59.2211,57.2,21,0,18.41,IR,1615732558
Paamiut,61.994,-49.6678,29.84,76,100,7.23,GL,1615732558
Inhambane,-23.865,35.3833,87.8,48,40,9.22,MZ,1615732559
Marabu,4.4148,114.0089,78.8,89,20,3.44,MY,1615732559
Calvinia,-31.4707,19.776,76.1,49,46,9.13,ZA,1615732559
Puerto del Rosario,28.5004,-13.8627,68.0,73,20,6.91,ES,1615732560
Caramay,10.1815,119.236,77.58,86,100,4.59,PH,1615732560
Alvorada,-12.48,-49.1247,83.01,77,83,3.38,BR,1615732560
Pine Bluff,34.2284,-92.0032,60.8,88,90,8.05,US,1615732501
Jumla,29.2747,82.1838,44.87,79,4,4.14,NP,1615732561
Norwich,52.6278,1.2983,53.01,58,40,18.41,GB,1615732561
Guanare,9.0418,-69.7421,80.6,65,81,3.44,VE,1615732561
Renfrew,55.872,-4.3925,46.0,87,90,13.8,GB,1615732532
